object_type,anomaly_count,total_count,anomaly_rate_percent
Debris,214,6488,3.298397040690505
Rocket Body,132,574,22.99651567944251
Satellite,83,1570,5.286624203821656
