cluster,anomaly_count,total_count,contamination_rate_percent
-1,0,90,0.0
0,404,8073,5.004335439118048
1,8,147,5.442176870748299
2,13,258,5.038759689922481
3,4,64,6.25
